"@ampproject/remapping","2.2.1",
"@angular-devkit/architect","0.1602.9",
"@angular-devkit/build-angular","16.2.9",
"@angular-devkit/build-webpack","0.1602.9",
"@angular-devkit/core","16.2.9",
"@angular-devkit/schematics","16.2.9",
"@angular/animations","16.2.12",
"@angular/cli","16.2.9",
"@angular/common","16.2.12",
"@angular/compiler","16.2.12",
"@angular/compiler-cli","16.2.12",
"@angular/core","16.2.12",
"@angular/forms","16.2.12",
"@angular/platform-browser","16.2.12",
"@angular/platform-browser-dynamic","16.2.12",
"@angular/router","16.2.12",
"@assemblyscript/loader","0.10.1",
"@aws-crypto/crc32","3.0.0",
"@aws-crypto/ie11-detection","3.0.0",
"@aws-crypto/sha256-browser","3.0.0",
"@aws-crypto/sha256-js","3.0.0",
"@aws-crypto/supports-web-crypto","3.0.0",
"@aws-crypto/util","3.0.0",
"@aws-sdk/client-cognito-identity","3.423.0",
"@aws-sdk/client-sso","3.423.0",
"@aws-sdk/client-sts","3.423.0",
"@aws-sdk/credential-provider-cognito-identity","3.423.0",
"@aws-sdk/credential-provider-env","3.418.0",
"@aws-sdk/credential-provider-http","3.423.0",
"@aws-sdk/credential-provider-ini","3.423.0",
"@aws-sdk/credential-provider-node","3.423.0",
"@aws-sdk/credential-provider-process","3.418.0",
"@aws-sdk/credential-provider-sso","3.423.0",
"@aws-sdk/credential-provider-web-identity","3.418.0",
"@aws-sdk/credential-providers","3.423.0",
"@aws-sdk/middleware-host-header","3.418.0",
"@aws-sdk/middleware-logger","3.418.0",
"@aws-sdk/middleware-recursion-detection","3.418.0",
"@aws-sdk/middleware-sdk-sts","3.418.0",
"@aws-sdk/middleware-signing","3.418.0",
"@aws-sdk/middleware-user-agent","3.418.0",
"@aws-sdk/region-config-resolver","3.418.0",
"@aws-sdk/token-providers","3.418.0",
"@aws-sdk/types","3.418.0",
"@aws-sdk/util-endpoints","3.418.0",
"@aws-sdk/util-locate-window","3.310.0",
"@aws-sdk/util-user-agent-browser","3.418.0",
"@aws-sdk/util-user-agent-node","3.418.0",
"@aws-sdk/util-utf8-browser","3.259.0",
"@babel/code-frame","7.16.0",
"@babel/code-frame","7.22.13",
"@babel/compat-data","7.16.4",
"@babel/compat-data","7.23.2",
"@babel/core","7.16.0",
"@babel/core","7.22.9",
"@babel/core","7.23.2",
"@babel/generator","7.16.0",
"@babel/generator","7.22.9",
"@babel/generator","7.23.0",
"@babel/helper-annotate-as-pure","7.22.5",
"@babel/helper-builder-binary-assignment-operator-visitor","7.22.15",
"@babel/helper-compilation-targets","7.16.3",
"@babel/helper-compilation-targets","7.22.15",
"@babel/helper-create-class-features-plugin","7.22.15",
"@babel/helper-create-regexp-features-plugin","7.22.15",
"@babel/helper-define-polyfill-provider","0.4.3",
"@babel/helper-environment-visitor","7.22.20",
"@babel/helper-function-name","7.16.0",
"@babel/helper-function-name","7.23.0",
"@babel/helper-get-function-arity","7.16.0",
"@babel/helper-hoist-variables","7.16.0",
"@babel/helper-hoist-variables","7.22.5",
"@babel/helper-member-expression-to-functions","7.16.0",
"@babel/helper-member-expression-to-functions","7.23.0",
"@babel/helper-module-imports","7.16.0",
"@babel/helper-module-imports","7.22.15",
"@babel/helper-module-transforms","7.16.0",
"@babel/helper-module-transforms","7.23.0",
"@babel/helper-optimise-call-expression","7.16.0",
"@babel/helper-optimise-call-expression","7.22.5",
"@babel/helper-plugin-utils","7.14.5",
"@babel/helper-plugin-utils","7.22.5",
"@babel/helper-remap-async-to-generator","7.22.20",
"@babel/helper-replace-supers","7.16.0",
"@babel/helper-replace-supers","7.22.20",
"@babel/helper-simple-access","7.16.0",
"@babel/helper-simple-access","7.22.5",
"@babel/helper-skip-transparent-expression-wrappers","7.22.5",
"@babel/helper-split-export-declaration","7.16.0",
"@babel/helper-split-export-declaration","7.22.6",
"@babel/helper-string-parser","7.22.5",
"@babel/helper-validator-identifier","7.15.7",
"@babel/helper-validator-identifier","7.22.20",
"@babel/helper-validator-option","7.14.5",
"@babel/helper-validator-option","7.22.15",
"@babel/helper-wrap-function","7.22.20",
"@babel/helpers","7.16.3",
"@babel/helpers","7.23.2",
"@babel/highlight","7.16.0",
"@babel/highlight","7.22.20",
"@babel/parser","7.16.4",
"@babel/parser","7.23.0",
"@babel/plugin-bugfix-safari-id-destructuring-collision-in-function-expression","7.22.15",
"@babel/plugin-bugfix-v8-spread-parameters-in-optional-chaining","7.22.15",
"@babel/plugin-proposal-async-generator-functions","7.20.7",
"@babel/plugin-proposal-private-property-in-object","7.21.0-placeholder-for-preset-env.2",
"@babel/plugin-proposal-unicode-property-regex","7.18.6",
"@babel/plugin-syntax-async-generators","7.8.4",
"@babel/plugin-syntax-class-properties","7.12.13",
"@babel/plugin-syntax-class-static-block","7.14.5",
"@babel/plugin-syntax-dynamic-import","7.8.3",
"@babel/plugin-syntax-export-namespace-from","7.8.3",
"@babel/plugin-syntax-import-assertions","7.22.5",
"@babel/plugin-syntax-import-attributes","7.22.5",
"@babel/plugin-syntax-import-meta","7.10.4",
"@babel/plugin-syntax-json-strings","7.8.3",
"@babel/plugin-syntax-logical-assignment-operators","7.10.4",
"@babel/plugin-syntax-nullish-coalescing-operator","7.8.3",
"@babel/plugin-syntax-numeric-separator","7.10.4",
"@babel/plugin-syntax-object-rest-spread","7.8.3",
"@babel/plugin-syntax-object-rest-spread","7.8.3",
"@babel/plugin-syntax-optional-catch-binding","7.8.3",
"@babel/plugin-syntax-optional-chaining","7.8.3",
"@babel/plugin-syntax-private-property-in-object","7.14.5",
"@babel/plugin-syntax-top-level-await","7.14.5",
"@babel/plugin-syntax-unicode-sets-regex","7.18.6",
"@babel/plugin-transform-arrow-functions","7.22.5",
"@babel/plugin-transform-async-generator-functions","7.23.2",
"@babel/plugin-transform-async-to-generator","7.22.5",
"@babel/plugin-transform-block-scoped-functions","7.22.5",
"@babel/plugin-transform-block-scoping","7.23.0",
"@babel/plugin-transform-class-properties","7.22.5",
"@babel/plugin-transform-class-static-block","7.22.11",
"@babel/plugin-transform-classes","7.22.15",
"@babel/plugin-transform-computed-properties","7.22.5",
"@babel/plugin-transform-destructuring","7.23.0",
"@babel/plugin-transform-dotall-regex","7.22.5",
"@babel/plugin-transform-duplicate-keys","7.22.5",
"@babel/plugin-transform-dynamic-import","7.22.11",
"@babel/plugin-transform-exponentiation-operator","7.22.5",
"@babel/plugin-transform-export-namespace-from","7.22.11",
"@babel/plugin-transform-for-of","7.22.15",
"@babel/plugin-transform-function-name","7.22.5",
"@babel/plugin-transform-json-strings","7.22.11",
"@babel/plugin-transform-literals","7.22.5",
"@babel/plugin-transform-logical-assignment-operators","7.22.11",
"@babel/plugin-transform-member-expression-literals","7.22.5",
"@babel/plugin-transform-modules-amd","7.23.0",
"@babel/plugin-transform-modules-commonjs","7.23.0",
"@babel/plugin-transform-modules-systemjs","7.23.0",
"@babel/plugin-transform-modules-umd","7.22.5",
"@babel/plugin-transform-named-capturing-groups-regex","7.22.5",
"@babel/plugin-transform-new-target","7.22.5",
"@babel/plugin-transform-nullish-coalescing-operator","7.22.11",
"@babel/plugin-transform-numeric-separator","7.22.11",
"@babel/plugin-transform-object-rest-spread","7.22.15",
"@babel/plugin-transform-object-super","7.22.5",
"@babel/plugin-transform-optional-catch-binding","7.22.11",
"@babel/plugin-transform-optional-chaining","7.23.0",
"@babel/plugin-transform-parameters","7.22.15",
"@babel/plugin-transform-private-methods","7.22.5",
"@babel/plugin-transform-private-property-in-object","7.22.11",
"@babel/plugin-transform-property-literals","7.22.5",
"@babel/plugin-transform-regenerator","7.22.10",
"@babel/plugin-transform-reserved-words","7.22.5",
"@babel/plugin-transform-runtime","7.22.9",
"@babel/plugin-transform-shorthand-properties","7.22.5",
"@babel/plugin-transform-spread","7.22.5",
"@babel/plugin-transform-sticky-regex","7.22.5",
"@babel/plugin-transform-template-literals","7.22.5",
"@babel/plugin-transform-typeof-symbol","7.22.5",
"@babel/plugin-transform-unicode-escapes","7.22.10",
"@babel/plugin-transform-unicode-property-regex","7.22.5",
"@babel/plugin-transform-unicode-regex","7.22.5",
"@babel/plugin-transform-unicode-sets-regex","7.22.5",
"@babel/preset-env","7.22.9",
"@babel/preset-modules","0.1.6",
"@babel/regjsgen","0.8.0",
"@babel/runtime","7.22.6",
"@babel/template","7.16.0",
"@babel/template","7.22.15",
"@babel/template","7.22.5",
"@babel/traverse","7.16.3",
"@babel/traverse","7.23.2",
"@babel/types","7.16.0",
"@babel/types","7.23.0",
"@cnakazawa/watch","1.0.4",
"@colors/colors","1.5.0",
"@colors/colors","1.5.0",
"@cspotcode/source-map-support","0.8.1",
"@cypress/request","3.0.1",
"@cypress/xvfb","1.2.4",
"@dabh/diagnostics","2.0.3",
"@discoveryjs/json-ext","0.5.7",
"@esbuild/android-arm","0.18.17",
"@esbuild/android-arm64","0.18.17",
"@esbuild/android-x64","0.18.17",
"@esbuild/darwin-arm64","0.18.17",
"@esbuild/darwin-x64","0.18.17",
"@esbuild/freebsd-arm64","0.18.17",
"@esbuild/freebsd-x64","0.18.17",
"@esbuild/linux-arm","0.18.17",
"@esbuild/linux-arm64","0.18.17",
"@esbuild/linux-ia32","0.18.17",
"@esbuild/linux-loong64","0.18.17",
"@esbuild/linux-mips64el","0.18.17",
"@esbuild/linux-ppc64","0.18.17",
"@esbuild/linux-riscv64","0.18.17",
"@esbuild/linux-s390x","0.18.17",
"@esbuild/linux-x64","0.18.17",
"@esbuild/netbsd-x64","0.18.17",
"@esbuild/openbsd-x64","0.18.17",
"@esbuild/sunos-x64","0.18.17",
"@esbuild/win32-arm64","0.18.17",
"@esbuild/win32-ia32","0.18.17",
"@esbuild/win32-x64","0.18.17",
"@gar/promisify","1.1.3",
"@isaacs/cliui","8.0.2",
"@istanbuljs/load-nyc-config","1.1.0",
"@istanbuljs/schema","0.1.3",
"@jest/console","24.9.0",
"@jest/core","24.9.0",
"@jest/environment","24.9.0",
"@jest/fake-timers","24.9.0",
"@jest/reporters","24.9.0",
"@jest/source-map","24.9.0",
"@jest/test-result","24.9.0",
"@jest/test-sequencer","24.9.0",
"@jest/transform","24.9.0",
"@jest/types","24.9.0",
"@jridgewell/gen-mapping","0.3.3",
"@jridgewell/resolve-uri","3.1.1",
"@jridgewell/resolve-uri","3.1.1",
"@jridgewell/set-array","1.1.2",
"@jridgewell/source-map","0.3.5",
"@jridgewell/sourcemap-codec","1.4.15",
"@jridgewell/sourcemap-codec","1.4.15",
"@jridgewell/trace-mapping","0.3.20",
"@jridgewell/trace-mapping","0.3.9",
"@leichtgewicht/ip-codec","2.0.4",
"@mongodb-js/saslprep","1.1.0",
"@ngtools/webpack","16.2.9",
"@nodelib/fs.scandir","2.1.5",
"@nodelib/fs.stat","2.0.5",
"@nodelib/fs.walk","1.2.8",
"@npmcli/fs","2.1.2",
"@npmcli/fs","3.1.0",
"@npmcli/git","4.1.0",
"@npmcli/installed-package-contents","2.0.2",
"@npmcli/move-file","2.0.1",
"@npmcli/node-gyp","3.0.0",
"@npmcli/promise-spawn","6.0.2",
"@npmcli/run-script","6.0.2",
"@phc/format","0.5.0",
"@pkgjs/parseargs","0.11.0",
"@schematics/angular","16.2.9",
"@sigstore/bundle","1.1.0",
"@sigstore/protobuf-specs","0.2.1",
"@sigstore/sign","1.0.0",
"@sigstore/tuf","1.0.3",
"@sinonjs/commons","1.8.3",
"@sinonjs/formatio","3.2.2",
"@sinonjs/samsam","3.3.3",
"@sinonjs/text-encoding","0.7.1",
"@smithy/abort-controller","2.0.10",
"@smithy/config-resolver","2.0.11",
"@smithy/credential-provider-imds","2.0.13",
"@smithy/eventstream-codec","2.0.10",
"@smithy/fetch-http-handler","2.2.1",
"@smithy/hash-node","2.0.10",
"@smithy/invalid-dependency","2.0.10",
"@smithy/is-array-buffer","2.0.0",
"@smithy/middleware-content-length","2.0.12",
"@smithy/middleware-endpoint","2.0.10",
"@smithy/middleware-retry","2.0.13",
"@smithy/middleware-serde","2.0.10",
"@smithy/middleware-stack","2.0.4",
"@smithy/node-config-provider","2.0.13",
"@smithy/node-http-handler","2.1.6",
"@smithy/property-provider","2.0.11",
"@smithy/protocol-http","3.0.6",
"@smithy/querystring-builder","2.0.10",
"@smithy/querystring-parser","2.0.10",
"@smithy/service-error-classification","2.0.3",
"@smithy/shared-ini-file-loader","2.0.12",
"@smithy/signature-v4","2.0.10",
"@smithy/smithy-client","2.1.9",
"@smithy/types","2.3.4",
"@smithy/url-parser","2.0.10",
"@smithy/util-base64","2.0.0",
"@smithy/util-body-length-browser","2.0.0",
"@smithy/util-body-length-node","2.1.0",
"@smithy/util-buffer-from","2.0.0",
"@smithy/util-config-provider","2.0.0",
"@smithy/util-defaults-mode-browser","2.0.13",
"@smithy/util-defaults-mode-node","2.0.15",
"@smithy/util-hex-encoding","2.0.0",
"@smithy/util-middleware","2.0.3",
"@smithy/util-retry","2.0.3",
"@smithy/util-stream","2.0.14",
"@smithy/util-uri-escape","2.0.0",
"@smithy/util-utf8","2.0.0",
"@socket.io/component-emitter","3.1.0",
"@tootallnate/once","1.1.2",
"@tootallnate/once","2.0.0",
"@tsconfig/node10","1.0.9",
"@tsconfig/node12","1.0.11",
"@tsconfig/node14","1.0.3",
"@tsconfig/node16","1.0.4",
"@tufjs/canonical-json","1.0.0",
"@tufjs/models","1.0.4",
"@tweenjs/tween.js","21.0.0",
"@types/agenda","4.1.0",
"@types/babel__core","7.1.17",
"@types/babel__generator","7.6.3",
"@types/babel__template","7.4.1",
"@types/babel__traverse","7.14.2",
"@types/body-parser","1.19.3",
"@types/body-parser","1.19.4",
"@types/bonjour","3.5.12",
"@types/connect","3.4.36",
"@types/connect","3.4.37",
"@types/connect-history-api-fallback","1.5.2",
"@types/cookie","0.4.1",
"@types/cors","2.8.15",
"@types/eslint","8.44.6",
"@types/eslint-scope","3.7.6",
"@types/eslint-visitor-keys","1.0.0",
"@types/estree","1.0.4",
"@types/express","4.17.18",
"@types/express","4.17.20",
"@types/express-serve-static-core","4.17.37",
"@types/express-serve-static-core","4.17.39",
"@types/http-errors","2.0.2",
"@types/http-errors","2.0.3",
"@types/http-proxy","1.17.13",
"@types/istanbul-lib-coverage","2.0.3",
"@types/istanbul-lib-report","3.0.0",
"@types/istanbul-reports","1.1.2",
"@types/jasmine","4.3.6",
"@types/jest","23.3.14",
"@types/json-schema","7.0.14",
"@types/json-schema","7.0.9",
"@types/lodash","4.14.199",
"@types/mime","1.3.3",
"@types/mime","1.3.4",
"@types/mocha","10.0.2",
"@types/mongoose","5.11.97",
"@types/node","16.18.57",
"@types/node","18.18.13",
"@types/node","20.8.10",
"@types/node-forge","1.3.8",
"@types/qs","6.9.8",
"@types/qs","6.9.9",
"@types/range-parser","1.2.5",
"@types/range-parser","1.2.6",
"@types/retry","0.12.0",
"@types/send","0.17.2",
"@types/send","0.17.3",
"@types/serve-index","1.9.3",
"@types/serve-static","1.15.3",
"@types/serve-static","1.15.4",
"@types/sinonjs__fake-timers","8.1.1",
"@types/sizzle","2.3.8",
"@types/sockjs","0.3.35",
"@types/stack-utils","1.0.1",
"@types/stats.js","0.17.3",
"@types/three","0.158.3",
"@types/triple-beam","1.3.3",
"@types/webidl-conversions","7.0.1",
"@types/webxr","0.5.8",
"@types/whatwg-url","8.2.2",
"@types/ws","8.5.8",
"@types/yargs","13.0.12",
"@types/yargs-parser","20.2.1",
"@types/yauzl","2.10.3",
"@typescript-eslint/eslint-plugin","1.13.0",
"@typescript-eslint/experimental-utils","1.13.0",
"@typescript-eslint/parser","1.13.0",
"@typescript-eslint/typescript-estree","1.13.0",
"@vitejs/plugin-basic-ssl","1.0.1",
"@webassemblyjs/ast","1.11.6",
"@webassemblyjs/floating-point-hex-parser","1.11.6",
"@webassemblyjs/helper-api-error","1.11.6",
"@webassemblyjs/helper-buffer","1.11.6",
"@webassemblyjs/helper-numbers","1.11.6",
"@webassemblyjs/helper-wasm-bytecode","1.11.6",
"@webassemblyjs/helper-wasm-section","1.11.6",
"@webassemblyjs/ieee754","1.11.6",
"@webassemblyjs/leb128","1.11.6",
"@webassemblyjs/utf8","1.11.6",
"@webassemblyjs/wasm-edit","1.11.6",
"@webassemblyjs/wasm-gen","1.11.6",
"@webassemblyjs/wasm-opt","1.11.6",
"@webassemblyjs/wasm-parser","1.11.6",
"@webassemblyjs/wast-printer","1.11.6",
"@wessberg/ts-evaluator","0.0.27",
"@xtuc/ieee754","1.2.0",
"@xtuc/long","4.2.2",
"@yarnpkg/lockfile","1.1.0",
"AuthUser.dll","0.0.0.0",
"AuthUser.dll","0.0.0.0",
"Azure.Core","1.24.0",
"Azure.Identity","1.6.0",
"BCrypt.Net-Next","4.0.3",
"BCrypt.Net-Next","4.0.3.0",
"DroneAPI","1.0.0",
"DroneAPI","1.0.0.0",
"DroneAPI","1.0.0.0",
"DroneAPI","1.0.0.0",
"DroneAPI","1.0.0.0",
"DroneAPI","1.0.0.0",
"DroneAPI","1.0.0.0",
"Json.NET","13.0.1.25517",
"Json.NET BSON","1.0.2.22727",
"Microsoft Azure Client Pipeline","1.2400.22.20404",
"Microsoft Azure.Identity Component","1.600.22.20503",
"Microsoft.AspNetCore.Authentication.JwtBearer","7.0.0",
"Microsoft.AspNetCore.Authentication.JwtBearer","7.0.22.51819",
"Microsoft.AspNetCore.JsonPatch","7.0.0",
"Microsoft.AspNetCore.JsonPatch","7.0.22.51819",
"Microsoft.AspNetCore.Mvc.NewtonsoftJson","7.0.0",
"Microsoft.AspNetCore.Mvc.NewtonsoftJson","7.0.22.51819",
"Microsoft.AspNetCore.OpenApi","7.0.14",
"Microsoft.AspNetCore.OpenApi","7.0.1423.52316",
"Microsoft.Bcl.AsyncInterfaces","1.1.1",
"Microsoft.Bcl.AsyncInterfaces","4.700.20.21406",
"Microsoft.CSharp","4.7.0",
"Microsoft.Data.SqlClient","5.0.1",
"Microsoft.Data.SqlClient","5.0.1",
"Microsoft.Data.SqlClient","5.0.1",
"Microsoft.Data.SqlClient","5.0.1",
"Microsoft.Data.SqlClient.SNI","5.0.1.0",
"Microsoft.Data.SqlClient.SNI","5.0.1.0",
"Microsoft.Data.SqlClient.SNI","5.0.1.0",
"Microsoft.Data.SqlClient.SNI","5.0.1.0",
"Microsoft.Data.SqlClient.SNI.runtime","5.0.1",
"Microsoft.EntityFrameworkCore","7.0.0",
"Microsoft.EntityFrameworkCore","7.0.22.51807",
"Microsoft.EntityFrameworkCore.Abstractions","7.0.0",
"Microsoft.EntityFrameworkCore.Abstractions","7.0.22.51807",
"Microsoft.EntityFrameworkCore.Analyzers","7.0.0",
"Microsoft.EntityFrameworkCore.InMemory","7.0.0",
"Microsoft.EntityFrameworkCore.InMemory","7.0.22.51807",
"Microsoft.EntityFrameworkCore.Relational","7.0.0",
"Microsoft.EntityFrameworkCore.Relational","7.0.22.51807",
"Microsoft.EntityFrameworkCore.SqlServer","7.0.0",
"Microsoft.EntityFrameworkCore.SqlServer","7.0.22.51807",
"Microsoft.Extensions.ApiDescription.Server","6.0.5",
"Microsoft.Extensions.Caching.Abstractions","7.0.0",
"Microsoft.Extensions.Caching.Memory","7.0.0",
"Microsoft.Extensions.Configuration.Abstractions","7.0.0",
"Microsoft.Extensions.DependencyInjection","7.0.0",
"Microsoft.Extensions.DependencyInjection.Abstractions","7.0.0",
"Microsoft.Extensions.Logging","7.0.0",
"Microsoft.Extensions.Logging.Abstractions","7.0.0",
"Microsoft.Extensions.Options","7.0.0",
"Microsoft.Extensions.Primitives","7.0.0",
"Microsoft.Identity.Client","4.45.0",
"Microsoft.Identity.Client","4.45.0.0",
"Microsoft.Identity.Client.Extensions.Msal","2.19.3",
"Microsoft.Identity.Client.Extensions.Msal","2.19.3.0",
"Microsoft.IdentityModel.Abstractions","7.0.3",
"Microsoft.IdentityModel.Abstractions","7.0.3.41017013651.bb354ceabed19189245e075abb864f327b6c14ad",
"Microsoft.IdentityModel.JsonWebTokens","7.0.3",
"Microsoft.IdentityModel.JsonWebTokens","7.0.3.41017013651.bb354ceabed19189245e075abb864f327b6c14ad",
"Microsoft.IdentityModel.Logging","7.0.3",
"Microsoft.IdentityModel.Logging","7.0.3.41017013651.bb354ceabed19189245e075abb864f327b6c14ad",
"Microsoft.IdentityModel.Protocols","6.21.0",
"Microsoft.IdentityModel.Protocols","6.21.0.30701180446.3ba3685a8eb8b1a912c4b46c87a6583133c5d721",
"Microsoft.IdentityModel.Protocols.OpenIdConnect","6.21.0",
"Microsoft.IdentityModel.Protocols.OpenIdConnect","6.21.0.30701180446.3ba3685a8eb8b1a912c4b46c87a6583133c5d721",
"Microsoft.IdentityModel.Tokens","7.0.3",
"Microsoft.IdentityModel.Tokens","7.0.3.41017013651.bb354ceabed19189245e075abb864f327b6c14ad",
"Microsoft.NETCore.Platforms","5.0.0",
"Microsoft.NETCore.Targets","1.1.0",
"Microsoft.OpenApi","1.4.3",
"Microsoft.OpenApi","1.4.3.0",
"Microsoft.SqlServer.Server","1.0.0",
"Microsoft.SqlServer.Server","1.0.0.0",
"Microsoft.Win32.Registry","5.0.0",
"Microsoft.Win32.SystemEvents","5.0.0",
"Microsoft.Win32.SystemEvents","5.0.20.51904",
"Microsoft.Win32.SystemEvents","5.0.20.51904",
"Newtonsoft.Json","13.0.1",
"Newtonsoft.Json.Bson","1.0.2",
"Notifu","1.7",
"Notifu","1.7",
"Swashbuckle.AspNetCore","6.5.0",
"Swashbuckle.AspNetCore.Swagger","6.5.0",
"Swashbuckle.AspNetCore.Swagger","6.5.0.0",
"Swashbuckle.AspNetCore.SwaggerGen","6.5.0",
"Swashbuckle.AspNetCore.SwaggerGen","6.5.0.0",
"Swashbuckle.AspNetCore.SwaggerUI","6.5.0",
"Swashbuckle.AspNetCore.SwaggerUI","6.5.0.0",
"System.Buffers","4.5.1",
"System.Configuration.ConfigurationManager","5.0.0",
"System.Configuration.ConfigurationManager","5.0.20.51904",
"System.Diagnostics.DiagnosticSource","5.0.0",
"System.Drawing.Common","5.0.0",
"System.Drawing.Common","5.0.20.51904",
"System.Drawing.Common","5.0.20.51904",
"System.Drawing.Common","5.0.20.51904",
"System.Formats.Asn1","5.0.0",
"System.Globalization","4.3.0",
"System.IO","4.3.0",
"System.IdentityModel.Tokens.Jwt","7.0.3",
"System.IdentityModel.Tokens.Jwt","7.0.3.41017013651.bb354ceabed19189245e075abb864f327b6c14ad",
"System.Memory","4.5.4",
"System.Memory.Data","1.0.2",
"System.Memory.Data","1.0.221.20802",
"System.Numerics.Vectors","4.5.0",
"System.Reflection","4.3.0",
"System.Reflection.Primitives","4.3.0",
"System.Resources.ResourceManager","4.3.0",
"System.Runtime","4.3.0",
"System.Runtime.Caching","5.0.0",
"System.Runtime.Caching","5.0.20.51904",
"System.Runtime.Caching","5.0.20.51904",
"System.Security.AccessControl","5.0.0",
"System.Security.Cryptography.Cng","5.0.0",
"System.Security.Cryptography.ProtectedData","5.0.0",
"System.Security.Cryptography.ProtectedData","5.0.20.51904",
"System.Security.Cryptography.ProtectedData","5.0.20.51904",
"System.Security.Permissions","5.0.0",
"System.Security.Permissions","5.0.20.51904",
"System.Security.Principal.Windows","5.0.0",
"System.Text.Encoding","4.3.0",
"System.Text.Encoding.CodePages","5.0.0",
"System.Text.Encodings.Web","4.7.2",
"System.Text.Json","4.7.2",
"System.Threading.Tasks","4.3.0",
"System.Threading.Tasks.Extensions","4.5.4",
"System.Windows.Extensions","5.0.0",
"System.Windows.Extensions","5.0.20.51904",
"System.Windows.Extensions","5.0.20.51904",
"abab","2.0.5",
"abab","2.0.6",
"abbrev","1.1.1",
"abbrev","1.1.1",
"accept","3.1.3",
"accepts","1.3.7",
"accepts","1.3.8",
"accepts","1.3.8",
"acorn","5.7.4",
"acorn","6.4.2",
"acorn","7.4.1",
"acorn","7.4.1",
"acorn","8.10.0",
"acorn","8.11.2",
"acorn-globals","4.3.4",
"acorn-globals","6.0.0",
"acorn-import-assertions","1.9.0",
"acorn-jsx","5.3.2",
"acorn-walk","6.2.0",
"acorn-walk","7.2.0",
"acorn-walk","8.2.0",
"actions/checkout","v1",
"actions/checkout","v1",
"actions/checkout","v1",
"actions/checkout","v1",
"actions/checkout","v1",
"actions/checkout","v1",
"actions/checkout","v1",
"actions/checkout","v2",
"actions/checkout","v2",
"actions/checkout","v2",
"actions/checkout","v2",
"actions/checkout","v2",
"actions/checkout","v2",
"actions/checkout","v2",
"actions/checkout","v2",
"actions/checkout","v2",
"actions/checkout","v2",
"actions/checkout","v2",
"actions/checkout","v2",
"actions/checkout","v2",
"actions/checkout","v2",
"actions/checkout","v2",
"actions/checkout","v2",
"actions/checkout","v3",
"actions/checkout","v3",
"actions/checkout","v3",
"actions/checkout","v3",
"actions/checkout","v3",
"actions/checkout","v4",
"actions/setup-node","v1",
"actions/setup-node","v1",
"actions/setup-node","v1",
"actions/setup-node","v1",
"actions/setup-node","v1",
"actions/setup-node","v1",
"actions/setup-node","v1",
"actions/setup-node","v1",
"actions/setup-node","v1",
"actions/setup-node","v1",
"actions/setup-node","v1",
"actions/setup-node","v3",
"actions/setup-node","v3",
"actions/setup-node","v3",
"actions/setup-python","v4",
"actions/setup-python","v4",
"actions/setup-python","v4",
"adjust-sourcemap-loader","4.0.0",
"agenda","2.3.0",
"agendash","1.0.0",
"agent-base","4.2.1",
"agent-base","4.3.0",
"agent-base","6.0.2",
"agentkeepalive","4.5.0",
"aggregate-error","3.1.0",
"ajv","6.12.6",
"ajv","6.12.6",
"ajv","8.12.0",
"ajv-formats","2.1.1",
"ajv-keywords","3.5.2",
"ajv-keywords","5.1.0",
"ammo","3.0.3",
"ansi-colors","4.1.1",
"ansi-colors","4.1.3",
"ansi-escapes","3.2.0",
"ansi-escapes","4.3.2",
"ansi-html-community","0.0.8",
"ansi-regex","3.0.0",
"ansi-regex","4.1.1",
"ansi-regex","5.0.1",
"ansi-regex","5.0.1",
"ansi-regex","6.0.1",
"ansi-styles","3.2.1",
"ansi-styles","3.2.1",
"ansi-styles","4.3.0",
"ansi-styles","4.3.0",
"ansi-styles","6.2.1",
"anymatch","2.0.0",
"anymatch","3.1.2",
"anymatch","3.1.3",
"appleboy/ssh-action","master",
"aproba","2.0.0",
"arch","2.2.0",
"are-we-there-yet","3.0.1",
"arg","4.1.3",
"argon2","0.21.0",
"argparse","1.0.10",
"argparse","1.0.10",
"argparse","2.0.1",
"argparse","2.0.1",
"arr-diff","4.0.0",
"arr-flatten","1.1.0",
"arr-union","3.1.0",
"array-equal","1.0.0",
"array-flatten","1.1.1",
"array-flatten","1.1.1",
"array-flatten","2.1.2",
"array-from","2.1.1",
"array-unique","0.3.2",
"asn1","0.2.6",
"asn1","0.2.6",
"assert-plus","1.0.0",
"assert-plus","1.0.0",
"assertion-error","1.1.0",
"assign-symbols","1.0.0",
"ast-types","0.14.2",
"astral-regex","1.0.0",
"astral-regex","2.0.0",
"async","1.5.2",
"async","2.6.4",
"async","3.2.4",
"async","3.2.5",
"async-limiter","1.0.1",
"asynckit","0.4.0",
"asynckit","0.4.0",
"at-least-node","1.0.0",
"atob","2.1.2",
"autoprefixer","10.4.14",
"aws-sign2","0.7.0",
"aws-sign2","0.7.0",
"aws4","1.11.0",
"aws4","1.12.0",
"b64","4.1.2",
"babel-jest","24.9.0",
"babel-loader","9.1.3",
"babel-plugin-istanbul","5.2.0",
"babel-plugin-istanbul","6.1.1",
"babel-plugin-jest-hoist","24.9.0",
"babel-plugin-polyfill-corejs2","0.4.6",
"babel-plugin-polyfill-corejs3","0.8.6",
"babel-plugin-polyfill-regenerator","0.5.3",
"babel-preset-jest","24.9.0",
"balanced-match","1.0.2",
"balanced-match","1.0.2",
"base","0.11.2",
"base64-js","1.5.1",
"base64-js","1.5.1",
"base64id","2.0.0",
"basic-auth","2.0.1",
"batch","0.6.1",
"bcrypt-nodejs","0.0.3",
"bcrypt-pbkdf","1.0.2",
"bcrypt-pbkdf","1.0.2",
"big-time","2.0.1",
"big.js","5.2.2",
"binary-extensions","2.2.0",
"binary-extensions","2.2.0",
"bindings","1.5.0",
"bl","4.1.0",
"blob-util","2.0.2",
"bluebird","3.7.2",
"body-parser","1.20.1",
"body-parser","1.20.1",
"body-parser","1.20.2",
"body-parser","1.20.2",
"bonjour-service","1.1.1",
"boolbase","1.0.0",
"boom","7.2.2",
"boom","7.3.0",
"bounce","1.2.2",
"bounce","1.2.3",
"bourne","1.1.1",
"bowser","2.11.0",
"brace-expansion","1.1.11",
"brace-expansion","1.1.11",
"brace-expansion","2.0.1",
"brace-expansion","2.0.1",
"braces","2.3.2",
"braces","3.0.2",
"braces","3.0.2",
"browser-process-hrtime","1.0.0",
"browser-process-hrtime","1.0.0",
"browser-resolve","1.11.3",
"browser-stdout","1.3.1",
"browserslist","4.18.1",
"browserslist","4.22.1",
"bs-logger","0.2.6",
"bser","2.1.1",
"bson","1.1.6",
"bson","4.7.2",
"buffer","5.7.1",
"buffer","5.7.1",
"buffer-crc32","0.2.13",
"buffer-equal-constant-time","1.0.1",
"buffer-from","1.1.2",
"buffer-from","1.1.2",
"builtin-modules","1.1.1",
"builtins","5.0.1",
"bulletproof-nodejs","1.0.0",
"bytes","3.0.0",
"bytes","3.1.0",
"bytes","3.1.2",
"bytes","3.1.2",
"cacache","16.1.3",
"cacache","17.1.4",
"cache-base","1.0.1",
"cachedir","2.4.0",
"call","5.0.3",
"call-bind","1.0.2",
"call-bind","1.0.5",
"callsites","3.1.0",
"callsites","3.1.0",
"camelcase","4.1.0",
"camelcase","5.3.1",
"camelcase","5.3.1",
"camelcase","6.3.0",
"caniuse-lite","1.0.30001285",
"caniuse-lite","1.0.30001559",
"capture-exit","2.0.0",
"caseless","0.12.0",
"caseless","0.12.0",
"catbox","10.0.5",
"catbox-memory","3.1.4",
"celebrate","9.1.0",
"chai","4.3.10",
"chalk","2.4.2",
"chalk","2.4.2",
"chalk","4.1.2",
"chalk","4.1.2",
"chardet","0.7.0",
"chardet","0.7.0",
"check-error","1.0.3",
"check-more-types","2.24.0",
"chokidar","3.5.3",
"chokidar","3.5.3",
"chownr","2.0.0",
"chrome-trace-event","1.0.3",
"ci-info","2.0.0",
"ci-info","3.9.0",
"class-utils","0.3.6",
"clean-stack","2.2.0",
"cli-cursor","2.1.0",
"cli-cursor","3.1.0",
"cli-spinners","2.9.1",
"cli-table3","0.6.3",
"cli-truncate","2.1.0",
"cli-width","2.2.1",
"cli-width","3.0.0",
"cliui","5.0.0",
"cliui","7.0.4",
"cliui","7.0.4",
"cliui","8.0.1",
"clone","1.0.4",
"clone-deep","4.0.1",
"co","4.6.0",
"collection-visit","1.0.0",
"color","3.2.1",
"color-convert","1.9.3",
"color-convert","1.9.3",
"color-convert","2.0.1",
"color-convert","2.0.1",
"color-name","1.1.3",
"color-name","1.1.3",
"color-name","1.1.4",
"color-name","1.1.4",
"color-string","1.9.1",
"color-support","1.1.3",
"colorette","2.0.20",
"colorspace","1.1.4",
"combined-stream","1.0.8",
"combined-stream","1.0.8",
"commander","2.20.3",
"commander","2.20.3",
"commander","6.2.1",
"common-path-prefix","3.0.0",
"common-tags","1.8.2",
"component-emitter","1.3.0",
"compressible","2.0.18",
"compression","1.7.4",
"concat-map","0.0.1",
"concat-map","0.0.1",
"connect","3.7.0",
"connect-history-api-fallback","2.0.0",
"console-control-strings","1.1.0",
"content","4.0.6",
"content-disposition","0.5.4",
"content-disposition","0.5.4",
"content-type","1.0.5",
"content-type","1.0.5",
"convert-source-map","1.8.0",
"convert-source-map","1.9.0",
"convert-source-map","2.0.0",
"cookie","0.4.2",
"cookie","0.5.0",
"cookie","0.5.0",
"cookie-signature","1.0.6",
"cookie-signature","1.0.6",
"copy-anything","2.0.6",
"copy-descriptor","0.1.1",
"copy-webpack-plugin","11.0.0",
"core-js-compat","3.33.2",
"core-util-is","1.0.2",
"core-util-is","1.0.2",
"core-util-is","1.0.3",
"core-util-is","1.0.3",
"cors","2.8.5",
"cors","2.8.5",
"cosmiconfig","8.3.6",
"coverallsapp/github-action","master",
"create-require","1.1.1",
"critters","0.0.20",
"cron","1.7.2",
"cross-spawn","6.0.5",
"cross-spawn","7.0.3",
"cryptiles","4.1.3",
"css-loader","6.8.1",
"css-select","5.1.0",
"css-what","6.1.0",
"cssesc","3.0.0",
"cssom","0.3.8",
"cssom","0.3.8",
"cssom","0.4.4",
"cssstyle","1.4.0",
"cssstyle","2.3.0",
"custom-event","1.0.1",
"cypress","13.6.0",
"dashdash","1.14.1",
"dashdash","1.14.1",
"data-uri-to-buffer","1.2.0",
"data-urls","1.1.0",
"data-urls","2.0.0",
"date-format","4.0.14",
"date.js","0.3.3",
"dayjs","1.11.10",
"debug","2.6.9",
"debug","2.6.9",
"debug","3.1.0",
"debug","3.2.7",
"debug","3.2.7",
"debug","4.1.1",
"debug","4.3.4",
"debug","4.3.4",
"decamelize","1.2.0",
"decamelize","4.0.0",
"decimal.js","10.4.3",
"decode-uri-component","0.2.0",
"deep-eql","4.1.3",
"deep-is","0.1.4",
"default-gateway","6.0.3",
"defaults","1.0.4",
"define-data-property","1.1.1",
"define-lazy-prop","2.0.0",
"define-properties","1.1.3",
"define-property","0.2.5",
"define-property","1.0.0",
"define-property","2.0.2",
"degenerator","1.0.4",
"delayed-stream","1.0.0",
"delayed-stream","1.0.0",
"delegates","1.0.0",
"depd","1.1.2",
"depd","1.1.2",
"depd","2.0.0",
"depd","2.0.0",
"destroy","1.2.0",
"destroy","1.2.0",
"detect-newline","2.1.0",
"detect-node","2.1.0",
"di","0.0.1",
"diff","3.5.0",
"diff","4.0.2",
"diff","5.0.0",
"diff-sequences","24.9.0",
"dir-glob","3.0.1",
"dns-equal","1.0.0",
"dns-packet","5.6.1",
"doctrine","3.0.0",
"dom-serialize","2.2.1",
"dom-serializer","2.0.0",
"domelementtype","2.3.0",
"domexception","1.0.1",
"domexception","2.0.1",
"domhandler","5.0.3",
"domutils","3.1.0",
"dotenv","5.0.1",
"eastasianwidth","0.2.0",
"ecc-jsbn","0.1.2",
"ecc-jsbn","0.1.2",
"ecdsa-sig-formatter","1.0.11",
"ee-first","1.1.1",
"ee-first","1.1.1",
"electron-to-chromium","1.4.12",
"electron-to-chromium","1.4.575",
"emoji-regex","7.0.3",
"emoji-regex","8.0.0",
"emoji-regex","8.0.0",
"emoji-regex","9.2.2",
"emojis-list","3.0.0",
"enabled","2.0.0",
"encodeurl","1.0.2",
"encodeurl","1.0.2",
"encoding","0.1.13",
"end-of-stream","1.4.4",
"end-of-stream","1.4.4",
"engine.io","6.5.3",
"engine.io-parser","5.2.1",
"enhanced-resolve","5.15.0",
"enquirer","2.4.1",
"ent","2.2.0",
"entities","4.5.0",
"env-paths","2.2.1",
"err-code","2.0.3",
"errno","0.1.8",
"error-ex","1.3.2",
"error-ex","1.3.2",
"errorhandler","1.5.1",
"es-abstract","1.19.1",
"es-module-lexer","1.3.1",
"es-to-primitive","1.2.1",
"es6-promise","4.2.8",
"es6-promisify","5.0.0",
"esbuild","0.18.17",
"esbuild-wasm","0.18.17",
"escalade","3.1.1",
"escalade","3.1.1",
"escape-html","1.0.3",
"escape-html","1.0.3",
"escape-string-regexp","1.0.5",
"escape-string-regexp","1.0.5",
"escape-string-regexp","2.0.0",
"escape-string-regexp","4.0.0",
"escodegen","1.14.3",
"escodegen","2.1.0",
"eslint","5.16.0",
"eslint-config-prettier","4.3.0",
"eslint-plugin-prettier","3.4.1",
"eslint-scope","4.0.3",
"eslint-scope","5.1.1",
"eslint-utils","1.4.3",
"eslint-visitor-keys","1.3.0",
"espree","5.0.1",
"esprima","3.1.3",
"esprima","4.0.1",
"esprima","4.0.1",
"esquery","1.4.0",
"esrecurse","4.3.0",
"esrecurse","4.3.0",
"estraverse","4.3.0",
"estraverse","4.3.0",
"estraverse","5.3.0",
"estraverse","5.3.0",
"esutils","2.0.3",
"esutils","2.0.3",
"etag","1.8.1",
"etag","1.8.1",
"event-dispatch","0.4.1",
"eventemitter-asyncresource","1.0.0",
"eventemitter2","6.4.7",
"eventemitter3","3.1.2",
"eventemitter3","4.0.7",
"events","3.3.0",
"exec-sh","0.3.6",
"execa","1.0.0",
"execa","4.1.0",
"execa","5.1.1",
"executable","4.1.1",
"exit","0.1.2",
"expand-brackets","2.1.4",
"expect","24.9.0",
"exponential-backoff","3.1.1",
"express","4.18.2",
"express","4.18.2",
"express-basic-auth","1.2.1",
"express-jwt","5.3.3",
"express-unless","0.3.1",
"extend","3.0.2",
"extend","3.0.2",
"extend-shallow","2.0.1",
"extend-shallow","3.0.2",
"external-editor","3.1.0",
"external-editor","3.1.0",
"extglob","2.0.4",
"extract-zip","2.0.1",
"extsprintf","1.3.0",
"extsprintf","1.3.0",
"fast-deep-equal","3.1.3",
"fast-deep-equal","3.1.3",
"fast-diff","1.2.0",
"fast-glob","3.3.1",
"fast-json-stable-stringify","2.1.0",
"fast-json-stable-stringify","2.1.0",
"fast-levenshtein","2.0.6",
"fast-xml-parser","4.2.5",
"fastq","1.15.0",
"faye-websocket","0.11.4",
"fb-watchman","2.0.1",
"fd-slicer","1.1.0",
"fecha","4.2.3",
"fflate","0.6.10",
"figures","2.0.0",
"figures","3.2.0",
"file-entry-cache","5.0.1",
"file-uri-to-path","1.0.0",
"fill-range","4.0.0",
"fill-range","7.0.1",
"fill-range","7.0.1",
"finalhandler","1.1.2",
"finalhandler","1.2.0",
"finalhandler","1.2.0",
"find-cache-dir","4.0.0",
"find-up","3.0.0",
"find-up","4.1.0",
"find-up","5.0.0",
"find-up","6.3.0",
"flat","5.0.2",
"flat-cache","2.0.1",
"flatted","2.0.2",
"flatted","3.2.9",
"fn.name","1.1.0",
"follow-redirects","1.15.3",
"for-each","0.3.3",
"for-in","1.0.2",
"foreground-child","3.1.1",
"forever-agent","0.6.1",
"forever-agent","0.6.1",
"form-data","2.3.3",
"form-data","2.3.3",
"form-data","2.5.1",
"form-data","3.0.1",
"forwarded","0.2.0",
"forwarded","0.2.0",
"fraction.js","4.3.7",
"fragment-cache","0.2.1",
"fresh","0.5.2",
"fresh","0.5.2",
"fs","0.0.2",
"fs-extra","8.1.0",
"fs-extra","9.1.0",
"fs-minipass","2.1.0",
"fs-minipass","3.0.3",
"fs-monkey","1.0.5",
"fs.realpath","1.0.0",
"fs.realpath","1.0.0",
"fsevents","1.2.13",
"fsevents","2.3.3",
"fsevents","2.3.3",
"ftp","0.3.10",
"function-bind","1.1.1",
"function-bind","1.1.2",
"functional-red-black-tree","1.0.1",
"gauge","4.0.4",
"gensync","1.0.0-beta.2",
"gensync","1.0.0-beta.2",
"get-caller-file","2.0.5",
"get-caller-file","2.0.5",
"get-func-name","2.0.2",
"get-intrinsic","1.1.1",
"get-intrinsic","1.2.2",
"get-package-type","0.1.0",
"get-stdin","6.0.0",
"get-stream","4.1.0",
"get-stream","5.2.0",
"get-stream","6.0.1",
"get-symbol-description","1.0.0",
"get-uri","2.0.4",
"get-value","2.0.6",
"getos","3.2.1",
"getpass","0.1.7",
"getpass","0.1.7",
"github.com/evanw/esbuild","v0.0.0-20230726014031-1771c7109f7f",
"github.com/evanw/esbuild","v0.0.0-20230726014031-1771c7109f7f",
"glob","10.3.10",
"glob","7.2.0",
"glob","7.2.3",
"glob","8.1.0",
"glob-parent","5.1.2",
"glob-parent","5.1.2",
"glob-parent","6.0.2",
"glob-to-regexp","0.4.1",
"global-dirs","3.0.1",
"globals","11.12.0",
"globals","11.12.0",
"globby","13.2.2",
"golang.org/x/sys","v0.0.0-20220715151400-c0bba94af5f8",
"golang.org/x/sys","v0.0.0-20220715151400-c0bba94af5f8",
"google-github-actions/release-please-action","v2",
"google-github-actions/release-please-action","v2",
"google-github-actions/release-please-action","v3",
"gopd","1.0.1",
"graceful-fs","4.2.11",
"graceful-fs","4.2.8",
"growly","1.3.0",
"guess-parser","0.4.22",
"handle-thing","2.0.1",
"hapi","17.8.5",
"har-schema","2.0.0",
"har-validator","5.1.5",
"has","1.0.3",
"has-bigints","1.0.1",
"has-flag","3.0.0",
"has-flag","3.0.0",
"has-flag","4.0.0",
"has-flag","4.0.0",
"has-property-descriptors","1.0.1",
"has-proto","1.0.1",
"has-symbols","1.0.2",
"has-symbols","1.0.3",
"has-tostringtag","1.0.0",
"has-unicode","2.0.1",
"has-value","0.3.1",
"has-value","1.0.0",
"has-values","0.1.4",
"has-values","1.0.0",
"hasown","2.0.0",
"hdr-histogram-js","2.0.3","BSD"
"hdr-histogram-percentiles-obj","3.0.0",
"he","1.2.0",
"heavy","6.1.2",
"hoek","6.0.1",
"hoek","6.1.3",
"hosted-git-info","2.8.9",
"hosted-git-info","6.1.1",
"hpack.js","2.1.6",
"html-encoding-sniffer","1.0.2",
"html-encoding-sniffer","2.0.1",
"html-entities","2.4.0",
"html-escaper","2.0.2",
"html-escaper","2.0.2",
"htmlparser2","8.0.2",
"http-cache-semantics","4.1.1",
"http-deceiver","1.2.7",
"http-errors","1.6.3",
"http-errors","1.7.2",
"http-errors","2.0.0",
"http-errors","2.0.0",
"http-parser-js","0.5.8",
"http-proxy","1.18.1",
"http-proxy-agent","2.1.0",
"http-proxy-agent","4.0.1",
"http-proxy-agent","5.0.0",
"http-proxy-middleware","2.0.6",
"http-signature","1.2.0",
"http-signature","1.3.6",
"https-proxy-agent","3.0.1",
"https-proxy-agent","5.0.1",
"human-interval","1.0.0",
"human-signals","1.1.1",
"human-signals","2.1.0",
"humanize-ms","1.2.1",
"iconv-lite","0.4.24",
"iconv-lite","0.4.24",
"iconv-lite","0.6.3",
"icss-utils","5.1.0",
"ieee754","1.2.1",
"ieee754","1.2.1",
"ignore","4.0.6",
"ignore","5.2.4",
"ignore-by-default","1.0.1",
"ignore-walk","6.0.3",
"image-size","0.5.5",
"immutable","4.3.4",
"import-fresh","3.3.0",
"import-fresh","3.3.0",
"import-local","2.0.0",
"imurmurhash","0.1.4",
"imurmurhash","0.1.4",
"indent-string","4.0.0",
"inert","5.1.3",
"infer-owner","1.0.4",
"inflection","1.12.0",
"inflection","1.3.8",
"inflight","1.0.6",
"inflight","1.0.6",
"inherits","2.0.3",
"inherits","2.0.3",
"inherits","2.0.4",
"inherits","2.0.4",
"ini","2.0.0",
"ini","4.1.1",
"inquirer","6.5.2",
"inquirer","8.2.4",
"internal-slot","1.0.3",
"invariant","2.2.4",
"ip","1.1.5",
"ip","2.0.0",
"ip","2.0.0",
"ipaddr.js","1.9.1",
"ipaddr.js","1.9.1",
"ipaddr.js","2.1.0",
"iron","5.0.6",
"is-accessor-descriptor","0.1.6",
"is-accessor-descriptor","1.0.0",
"is-arrayish","0.2.1",
"is-arrayish","0.2.1",
"is-arrayish","0.3.2",
"is-bigint","1.0.4",
"is-binary-path","2.1.0",
"is-binary-path","2.1.0",
"is-boolean-object","1.1.2",
"is-buffer","1.1.6",
"is-callable","1.2.4",
"is-ci","2.0.0",
"is-ci","3.0.1",
"is-core-module","2.13.1",
"is-core-module","2.8.0",
"is-data-descriptor","0.1.4",
"is-data-descriptor","1.0.0",
"is-date-object","1.0.5",
"is-descriptor","0.1.6",
"is-descriptor","1.0.2",
"is-docker","2.2.1",
"is-extendable","0.1.1",
"is-extendable","1.0.1",
"is-extglob","2.1.1",
"is-extglob","2.1.1",
"is-fullwidth-code-point","2.0.0",
"is-fullwidth-code-point","3.0.0",
"is-fullwidth-code-point","3.0.0",
"is-generator-fn","2.1.0",
"is-glob","4.0.3",
"is-glob","4.0.3",
"is-installed-globally","0.4.0",
"is-interactive","1.0.0",
"is-lambda","1.0.1",
"is-negative-zero","2.0.1",
"is-number","3.0.0",
"is-number","7.0.0",
"is-number","7.0.0",
"is-number-object","1.0.6",
"is-path-inside","3.0.3",
"is-plain-obj","2.1.0",
"is-plain-obj","3.0.0",
"is-plain-object","2.0.4",
"is-plain-object","2.0.4",
"is-potential-custom-element-name","1.0.1",
"is-regex","1.1.4",
"is-shared-array-buffer","1.0.1",
"is-stream","1.1.0",
"is-stream","2.0.1",
"is-stream","2.0.1",
"is-string","1.0.7",
"is-symbol","1.0.4",
"is-typedarray","1.0.0",
"is-typedarray","1.0.0",
"is-unicode-supported","0.1.0",
"is-unicode-supported","0.1.0",
"is-weakref","1.0.1",
"is-what","3.14.1",
"is-windows","1.0.2",
"is-wsl","1.1.0",
"is-wsl","2.2.0",
"isarray","0.0.1",
"isarray","1.0.0",
"isarray","1.0.0",
"isbinaryfile","4.0.10",
"isemail","3.2.0",
"isexe","2.0.0",
"isexe","2.0.0",
"isobject","2.1.0",
"isobject","3.0.1",
"isobject","3.0.1",
"isstream","0.1.2",
"isstream","0.1.2",
"istanbul-lib-coverage","2.0.5",
"istanbul-lib-coverage","3.2.0",
"istanbul-lib-instrument","3.3.0",
"istanbul-lib-instrument","5.2.1",
"istanbul-lib-report","2.0.8",
"istanbul-lib-report","3.0.1",
"istanbul-lib-source-maps","3.0.6",
"istanbul-lib-source-maps","4.0.1",
"istanbul-reports","2.2.7",
"istanbul-reports","3.1.6",
"jackspeak","2.3.6",
"jasmine-core","4.6.0",
"jest","24.9.0",
"jest-changed-files","24.9.0",
"jest-cli","24.9.0",
"jest-config","24.9.0",
"jest-diff","24.9.0",
"jest-docblock","24.9.0",
"jest-each","24.9.0",
"jest-environment-jsdom","24.9.0",
"jest-environment-node","24.9.0",
"jest-get-type","24.9.0",
"jest-haste-map","24.9.0",
"jest-jasmine2","24.9.0",
"jest-leak-detector","24.9.0",
"jest-matcher-utils","24.9.0",
"jest-message-util","24.9.0",
"jest-mock","24.9.0",
"jest-pnp-resolver","1.2.2",
"jest-regex-util","24.9.0",
"jest-resolve","24.9.0",
"jest-resolve-dependencies","24.9.0",
"jest-runner","24.9.0",
"jest-runtime","24.9.0",
"jest-serializer","24.9.0",
"jest-snapshot","24.9.0",
"jest-util","24.9.0",
"jest-validate","24.9.0",
"jest-watcher","24.9.0",
"jest-worker","24.9.0",
"jest-worker","27.5.1",
"jiti","1.21.0",
"joi","14.0.4",
"joi","14.3.1",
"js-tokens","4.0.0",
"js-tokens","4.0.0",
"js-yaml","3.14.1",
"js-yaml","3.14.1",
"js-yaml","4.1.0",
"js-yaml","4.1.0",
"jsbn","0.1.1",
"jsbn","0.1.1",
"jsdom","11.12.0",
"jsdom","16.7.0",
"jsesc","0.5.0",
"jsesc","2.5.2",
"jsesc","2.5.2",
"json-parse-better-errors","1.0.2",
"json-parse-even-better-errors","2.3.1",
"json-parse-even-better-errors","3.0.0",
"json-schema","0.4.0",
"json-schema","0.4.0",
"json-schema-traverse","0.4.1",
"json-schema-traverse","0.4.1",
"json-schema-traverse","1.0.0",
"json-stable-stringify-without-jsonify","1.0.1",
"json-stringify-safe","5.0.1",
"json-stringify-safe","5.0.1",
"json5","2.2.3",
"json5","2.2.3",
"jsonc-parser","3.2.0",
"jsonfile","4.0.0",
"jsonfile","6.1.0",
"jsonparse","1.3.1",
"jsonwebtoken","8.5.1",
"jsprim","1.4.2",
"jsprim","2.0.2",
"just-extend","4.2.1",
"jwa","1.4.1",
"jws","3.2.2",
"kareem","2.5.1",
"karma","6.4.2",
"karma-chrome-launcher","3.2.0",
"karma-coverage","2.2.1",
"karma-jasmine","5.1.0",
"karma-jasmine-html-reporter","2.1.0",
"karma-source-map-support","1.4.0",
"kind-of","3.2.2",
"kind-of","4.0.0",
"kind-of","5.1.0",
"kind-of","6.0.3",
"kind-of","6.0.3",
"kleur","3.0.3",
"klona","2.0.6",
"kuler","2.0.0",
"launch-editor","2.6.1",
"lazy-ass","1.6.0",
"left-pad","1.3.0",
"less","4.1.3",
"less-loader","11.1.0",
"leven","3.1.0",
"levn","0.3.0",
"license-webpack-plugin","4.0.2",
"lines-and-columns","1.2.4",
"listr2","3.14.0",
"ljharb/actions/node/matrix","main",
"ljharb/actions/node/matrix","main",
"ljharb/actions/node/matrix","main",
"ljharb/actions/node/matrix","main",
"ljharb/actions/node/matrix","main",
"ljharb/actions/node/matrix","main",
"ljharb/actions/node/run","main",
"ljharb/actions/node/run","main",
"ljharb/actions/node/run","main",
"ljharb/actions/node/run","main",
"ljharb/actions/node/run","main",
"ljharb/actions/node/run","main",
"ljharb/actions/node/run","main",
"ljharb/actions/node/run","main",
"ljharb/rebase","master",
"ljharb/rebase","master",
"ljharb/rebase","master",
"ljharb/require-allow-edits","main",
"ljharb/require-allow-edits","main",
"ljharb/require-allow-edits","main",
"load-json-file","4.0.0",
"loader-runner","4.3.0",
"loader-utils","2.0.4",
"loader-utils","3.2.1",
"locate-path","3.0.0",
"locate-path","5.0.0",
"locate-path","6.0.0",
"locate-path","7.2.0",
"lodash","4.17.21",
"lodash","4.17.21",
"lodash.debounce","4.0.8",
"lodash.includes","4.3.0",
"lodash.isboolean","3.0.3",
"lodash.isinteger","4.0.4",
"lodash.isnumber","3.0.3",
"lodash.isplainobject","4.0.6",
"lodash.isstring","4.0.1",
"lodash.memoize","4.1.2",
"lodash.once","4.1.1",
"lodash.once","4.1.1",
"lodash.set","4.3.2",
"lodash.sortby","4.7.0",
"lodash.unescape","4.0.1",
"log-symbols","4.1.0",
"log-symbols","4.1.0",
"log-update","4.0.0",
"log4js","6.9.1",
"logform","2.5.1",
"lolex","4.2.0",
"lolex","5.1.2",
"loose-envify","1.4.0",
"loupe","2.3.6",
"lru-cache","10.0.1",
"lru-cache","4.1.5",
"lru-cache","5.1.1",
"lru-cache","5.1.1",
"lru-cache","6.0.0",
"lru-cache","6.0.0",
"lru-cache","7.18.3",
"magic-string","0.30.1",
"mailgun-js","0.22.0",
"make-dir","2.1.0",
"make-dir","2.1.0",
"make-dir","4.0.0",
"make-error","1.3.6",
"make-fetch-happen","10.2.1",
"make-fetch-happen","11.1.1",
"makeerror","1.0.12",
"map-cache","0.2.2",
"map-visit","1.0.0",
"media-typer","0.3.0",
"media-typer","0.3.0",
"memfs","3.5.3",
"memory-pager","1.5.0",
"merge-descriptors","1.0.1",
"merge-descriptors","1.0.1",
"merge-stream","2.0.0",
"merge-stream","2.0.0",
"merge2","1.4.1",
"meshoptimizer","0.18.1",
"method-override","3.0.0",
"methods","1.1.2",
"methods","1.1.2",
"micromatch","3.1.10",
"micromatch","4.0.5",
"mime","1.6.0",
"mime","1.6.0",
"mime","2.6.0",
"mime-db","1.37.0",
"mime-db","1.51.0",
"mime-db","1.52.0",
"mime-types","2.1.34",
"mime-types","2.1.35",
"mimic-fn","1.2.0",
"mimic-fn","2.1.0",
"mimos","4.0.2",
"mini-css-extract-plugin","2.7.6",
"minimalistic-assert","1.0.1",
"minimatch","3.1.2",
"minimatch","3.1.2",
"minimatch","5.0.1",
"minimatch","5.1.6",
"minimatch","9.0.3",
"minimist","1.2.8",
"minimist","1.2.8",
"minipass","3.3.6",
"minipass","5.0.0",
"minipass","7.0.4",
"minipass-collect","1.0.2",
"minipass-fetch","2.1.2",
"minipass-fetch","3.0.4",
"minipass-flush","1.0.5",
"minipass-json-stream","1.0.1",
"minipass-pipeline","1.2.4",
"minipass-sized","1.0.3",
"minizlib","2.1.2",
"mixin-deep","1.3.2",
"mkdirp","0.5.5",
"mkdirp","0.5.6",
"mkdirp","1.0.4",
"mocha","10.2.0",
"moment","2.29.4",
"moment-timezone","0.5.43",
"mongodb","3.4.1",
"mongodb","4.17.1",
"mongodb-connection-string-url","2.6.0",
"mongoose","6.12.0",
"morgan","1.10.0",
"mpath","0.9.0",
"mquery","4.0.3",
"mrmime","1.0.1",
"ms","2.0.0",
"ms","2.0.0",
"ms","2.0.0",
"ms","2.1.2",
"ms","2.1.2",
"ms","2.1.3",
"ms","2.1.3",
"multicast-dns","7.2.5",
"mute-stream","0.0.7",
"mute-stream","0.0.8",
"my-first-angular-app","0.0.0",
"nan","2.18.0",
"nanoid","3.3.3",
"nanoid","3.3.6",
"nanomatch","1.2.13",
"natural-compare","1.4.0",
"needle","3.2.0",
"negotiator","0.6.2",
"negotiator","0.6.3",
"negotiator","0.6.3",
"neo-async","2.6.2",
"netmask","1.0.6",
"nice-napi","1.0.2",
"nice-try","1.0.5",
"nigel","3.0.4",
"nise","1.5.3",
"node-addon-api","1.7.2",
"node-addon-api","3.2.1",
"node-forge","1.3.1",
"node-gyp","9.4.1",
"node-gyp-build","4.6.1",
"node-int64","0.4.0",
"node-modules-regexp","1.0.0",
"node-notifier","5.4.5",
"node-releases","2.0.1",
"node-releases","2.0.13",
"nodemon","3.0.1",
"nopt","1.0.10",
"nopt","6.0.0",
"normalize-package-data","2.5.0",
"normalize-package-data","5.0.0",
"normalize-path","2.1.1",
"normalize-path","3.0.0",
"normalize-path","3.0.0",
"normalize-range","0.1.2",
"npm-bundled","3.0.0",
"npm-install-checks","6.3.0",
"npm-normalize-package-bin","3.0.1",
"npm-package-arg","10.1.0",
"npm-packlist","7.0.4",
"npm-pick-manifest","8.0.1",
"npm-registry-fetch","14.0.5",
"npm-run-path","2.0.2",
"npm-run-path","4.0.1",
"npmlog","6.0.2",
"nth-check","2.1.1",
"nwsapi","2.2.0",
"nwsapi","2.2.7",
"oauth-sign","0.9.0",
"object-assign","4.1.1",
"object-assign","4.1.1",
"object-copy","0.1.0",
"object-inspect","1.11.1",
"object-inspect","1.13.1",
"object-keys","1.1.1",
"object-path","0.11.8",
"object-visit","1.0.1",
"object.assign","4.1.2",
"object.getownpropertydescriptors","2.1.3",
"object.pick","1.3.0",
"obuf","1.1.2",
"on-finished","2.3.0",
"on-finished","2.3.0",
"on-finished","2.4.1",
"on-finished","2.4.1",
"on-headers","1.0.2",
"on-headers","1.0.2",
"once","1.4.0",
"once","1.4.0",
"one-time","1.0.0",
"onetime","2.0.1",
"onetime","5.1.2",
"open","8.4.2",
"optionator","0.8.3",
"ora","5.4.1",
"os-tmpdir","1.0.2",
"os-tmpdir","1.0.2",
"ospath","1.2.2",
"p-each-series","1.0.0",
"p-finally","1.0.0",
"p-limit","2.3.0",
"p-limit","2.3.0",
"p-limit","3.1.0",
"p-limit","4.0.0",
"p-locate","3.0.0",
"p-locate","4.1.0",
"p-locate","5.0.0",
"p-locate","6.0.0",
"p-map","4.0.0",
"p-reduce","1.0.0",
"p-retry","4.6.2",
"p-try","2.2.0",
"p-try","2.2.0",
"pac-proxy-agent","3.0.1",
"pac-resolver","3.0.0",
"pacote","15.2.0",
"pako","1.0.11",
"parent-module","1.0.1",
"parent-module","1.0.1",
"parse-json","4.0.0",
"parse-json","5.2.0",
"parse-node-version","1.0.1",
"parse5","4.0.0",
"parse5","6.0.1",
"parse5","7.1.2",
"parse5-html-rewriting-stream","7.0.0",
"parse5-sax-parser","7.0.0",
"parseurl","1.3.3",
"parseurl","1.3.3",
"pascalcase","0.1.1",
"path","0.11.14",
"path-exists","3.0.0",
"path-exists","4.0.0",
"path-exists","4.0.0",
"path-exists","5.0.0",
"path-is-absolute","1.0.1",
"path-is-absolute","1.0.1",
"path-is-inside","1.0.2",
"path-key","2.0.1",
"path-key","3.1.1",
"path-parse","1.0.7",
"path-parse","1.0.7",
"path-proxy","1.0.0",
"path-scurry","1.10.1",
"path-to-regexp","0.1.7",
"path-to-regexp","0.1.7",
"path-to-regexp","1.8.0",
"path-type","3.0.0",
"path-type","4.0.0",
"pathval","1.1.1",
"pend","1.2.0",
"performance-now","2.1.0",
"performance-now","2.1.0",
"pez","4.0.5",
"picocolors","1.0.0",
"picocolors","1.0.0",
"picomatch","2.3.1",
"picomatch","2.3.1",
"pify","2.3.0",
"pify","3.0.0",
"pify","4.0.1",
"pify","4.0.1",
"pirates","4.0.3",
"piscina","4.0.0",
"pkg-dir","3.0.0",
"pkg-dir","7.0.0",
"pn","1.1.0",
"podium","3.1.5",
"posix-character-classes","0.1.1",
"postcss","8.4.31",
"postcss-loader","7.3.3",
"postcss-modules-extract-imports","3.0.0",
"postcss-modules-local-by-default","4.0.3",
"postcss-modules-scope","3.0.0",
"postcss-modules-values","4.0.0",
"postcss-selector-parser","6.0.13",
"postcss-value-parser","4.2.0",
"prelude-ls","1.1.2",
"prettier","1.19.1",
"prettier-linter-helpers","1.0.0",
"pretty-bytes","5.6.0",
"pretty-format","24.9.0",
"proc-log","3.0.0",
"process","0.11.10",
"process-nextick-args","2.0.1",
"process-nextick-args","2.0.1",
"progress","2.0.3",
"promise-inflight","1.0.1",
"promise-retry","2.0.1",
"promisify-call","2.0.4",
"prompts","2.4.2",
"proxy-addr","2.0.7",
"proxy-addr","2.0.7",
"proxy-agent","3.1.1",
"proxy-from-env","1.0.0",
"proxy-from-env","1.1.0",
"prr","1.0.1",
"pseudomap","1.0.2",
"psl","1.8.0",
"psl","1.9.0",
"pstree.remy","1.1.8",
"pump","3.0.0",
"pump","3.0.0",
"punycode","2.1.1",
"punycode","2.3.1",
"qjobs","1.2.0",
"qs","6.10.4",
"qs","6.11.0",
"qs","6.11.0",
"qs","6.5.2",
"querystringify","2.2.0",
"queue-microtask","1.2.3",
"randombytes","2.1.0",
"randombytes","2.1.0",
"range-parser","1.2.1",
"range-parser","1.2.1",
"raw-body","2.4.0",
"raw-body","2.5.1",
"raw-body","2.5.1",
"raw-body","2.5.2",
"raw-body","2.5.2",
"react-is","16.13.1",
"read-package-json","6.0.4",
"read-package-json-fast","3.0.2",
"read-pkg","3.0.0",
"read-pkg-up","4.0.0",
"readable-stream","1.1.14",
"readable-stream","2.3.7",
"readable-stream","2.3.8",
"readable-stream","3.6.2",
"readable-stream","3.6.2",
"readdirp","3.6.0",
"readdirp","3.6.0",
"realpath-native","1.1.0",
"reflect-metadata","0.1.13",
"reflect-metadata","0.1.13",
"regenerate","1.4.2",
"regenerate-unicode-properties","10.1.1",
"regenerator-runtime","0.13.11",
"regenerator-transform","0.15.2",
"regex-not","1.0.2",
"regex-parser","2.2.11",
"regexpp","2.0.1",
"regexpu-core","5.3.2",
"regjsparser","0.9.1",
"remove-trailing-separator","1.1.0",
"repeat-element","1.1.4",
"repeat-string","1.6.1",
"request","2.88.2",
"request-progress","3.0.0",
"request-promise-core","1.1.4",
"request-promise-native","1.0.9",
"require-directory","2.1.1",
"require-directory","2.1.1",
"require-from-string","2.0.2",
"require-main-filename","2.0.0",
"require_optional","1.0.1",
"requires-port","1.0.0",
"resolve","1.1.7",
"resolve","1.20.0",
"resolve","1.22.2",
"resolve-cwd","2.0.0",
"resolve-from","2.0.0",
"resolve-from","3.0.0",
"resolve-from","4.0.0",
"resolve-from","4.0.0",
"resolve-from","5.0.0",
"resolve-url","0.2.1",
"resolve-url-loader","5.0.0",
"restore-cursor","2.0.0",
"restore-cursor","3.1.0",
"ret","0.1.15",
"retry","0.12.0",
"retry","0.13.1",
"reusify","1.0.4",
"rfdc","1.3.0",
"rimraf","2.6.3",
"rimraf","3.0.2",
"rollup","3.29.4",
"rsvp","4.8.5",
"run-async","2.4.1",
"run-async","2.4.1",
"run-parallel","1.2.0",
"rxjs","6.6.7",
"rxjs","7.8.1",
"safe-buffer","5.1.2",
"safe-buffer","5.1.2",
"safe-buffer","5.2.1",
"safe-buffer","5.2.1",
"safe-regex","1.1.0",
"safe-stable-stringify","2.4.3",
"safer-buffer","2.1.2",
"safer-buffer","2.1.2",
"sane","4.1.0",
"saslprep","1.0.3",
"sass","1.64.1",
"sass-loader","13.3.2",
"sax","1.2.4",
"sax","1.3.0",
"saxes","5.0.1",
"schema-utils","3.3.0",
"schema-utils","4.2.0",
"select-hose","2.0.0",
"selfsigned","2.4.1",
"semver","5.5.0",
"semver","5.7.1",
"semver","5.7.2",
"semver","6.3.1",
"semver","6.3.1",
"semver","7.5.4",
"semver","7.5.4",
"send","0.18.0",
"send","0.18.0",
"serialize-javascript","6.0.0",
"serialize-javascript","6.0.1",
"serve-index","1.9.1",
"serve-static","1.15.0",
"serve-static","1.15.0",
"set-blocking","2.0.0",
"set-blocking","2.0.0",
"set-function-length","1.1.1",
"set-value","2.0.1",
"setprototypeof","1.1.0",
"setprototypeof","1.1.1",
"setprototypeof","1.2.0",
"setprototypeof","1.2.0",
"shallow-clone","3.0.1",
"shallow-equal-object","1.1.1",
"shebang-command","1.2.0",
"shebang-command","2.0.0",
"shebang-regex","1.0.0",
"shebang-regex","3.0.0",
"shell-quote","1.8.1",
"shellwords","0.1.1",
"shot","4.0.7",
"side-channel","1.0.4",
"side-channel","1.0.4",
"sift","16.0.1",
"signal-exit","3.0.6",
"signal-exit","3.0.7",
"signal-exit","4.1.0",
"sigstore","1.9.0",
"simple-swizzle","0.2.2",
"simple-update-notifier","2.0.0",
"sinon","7.5.0",
"sinon-chai","3.7.0",
"sisteransi","1.0.5",
"slash","2.0.0",
"slash","4.0.0",
"slice-ansi","2.1.0",
"slice-ansi","3.0.0",
"slice-ansi","4.0.0",
"smart-buffer","4.2.0",
"smart-buffer","4.2.0",
"snapdragon","0.8.2",
"snapdragon-node","2.1.1",
"snapdragon-util","3.0.1",
"socket.io","4.7.2",
"socket.io-adapter","2.5.2",
"socket.io-parser","4.2.4",
"sockjs","0.3.24",
"socks","2.3.3",
"socks","2.7.1",
"socks","2.7.1",
"socks-proxy-agent","4.0.2",
"socks-proxy-agent","7.0.0",
"somever","2.0.0",
"source-map","0.5.7",
"source-map","0.6.1",
"source-map","0.6.1",
"source-map","0.7.4",
"source-map-js","1.0.2",
"source-map-loader","4.0.1",
"source-map-resolve","0.5.3",
"source-map-support","0.5.21",
"source-map-support","0.5.21",
"source-map-url","0.4.1",
"sparse-bitfield","3.0.3",
"spdx-correct","3.1.1",
"spdx-correct","3.2.0",
"spdx-exceptions","2.3.0",
"spdx-exceptions","2.3.0",
"spdx-expression-parse","3.0.1",
"spdx-expression-parse","3.0.1",
"spdx-license-ids","3.0.11",
"spdx-license-ids","3.0.16",
"spdy","4.0.2",
"spdy-transport","3.0.0",
"split-string","3.1.0",
"sprintf-js","1.0.3",
"sprintf-js","1.0.3",
"sshpk","1.16.1",
"sshpk","1.18.0",
"ssri","10.0.5",
"ssri","9.0.1",
"stack-trace","0.0.10",
"stack-utils","1.0.5",
"statehood","6.0.9",
"static-extend","0.1.2",
"statuses","1.5.0",
"statuses","1.5.0",
"statuses","2.0.1",
"statuses","2.0.1",
"stdlib","go1.20.6",
"stdlib","go1.20.6",
"stealthy-require","1.1.1",
"streamroller","3.1.5",
"string-length","2.0.0",
"string-width","2.1.1",
"string-width","3.1.0",
"string-width","4.2.3",
"string-width","4.2.3",
"string-width","5.1.2",
"string.prototype.trimend","1.0.4",
"string.prototype.trimstart","1.0.4",
"string_decoder","0.10.31",
"string_decoder","1.1.1",
"string_decoder","1.1.1",
"string_decoder","1.3.0",
"strip-ansi","4.0.0",
"strip-ansi","5.2.0",
"strip-ansi","6.0.1",
"strip-ansi","6.0.1",
"strip-ansi","7.1.0",
"strip-bom","3.0.0",
"strip-eof","1.0.0",
"strip-final-newline","2.0.0",
"strip-json-comments","2.0.1",
"strip-json-comments","3.1.1",
"strnum","1.0.5",
"subtext","6.0.12",
"supports-color","5.5.0",
"supports-color","5.5.0",
"supports-color","6.1.0",
"supports-color","7.2.0",
"supports-color","7.2.0",
"supports-color","8.1.1",
"supports-color","8.1.1",
"supports-preserve-symlinks-flag","1.0.0",
"symbol-observable","4.0.0",
"symbol-tree","3.2.4",
"symbol-tree","3.2.4",
"table","5.4.6",
"tapable","2.2.1",
"tar","6.2.0",
"teamwork","3.0.2",
"terser","5.19.2",
"terser-webpack-plugin","5.3.9",
"test-exclude","5.2.3",
"test-exclude","6.0.0",
"text-hex","1.0.0",
"text-table","0.2.0",
"text-table","0.2.0",
"three","0.158.0",
"throat","4.1.0",
"throttleit","1.0.1",
"through","2.3.8",
"through","2.3.8",
"thunkify","2.1.2",
"thunky","1.1.0",
"tmp","0.0.33",
"tmp","0.0.33",
"tmp","0.2.1",
"tmpl","1.0.5",
"to-fast-properties","2.0.0",
"to-fast-properties","2.0.0",
"to-object-path","0.3.0",
"to-regex","3.0.2",
"to-regex-range","2.1.1",
"to-regex-range","5.0.1",
"to-regex-range","5.0.1",
"toidentifier","1.0.0",
"toidentifier","1.0.1",
"toidentifier","1.0.1",
"topo","3.0.3",
"touch","3.1.0",
"tough-cookie","2.5.0",
"tough-cookie","4.1.3",
"tr46","1.0.1",
"tr46","2.1.0",
"tr46","3.0.0",
"tree-kill","1.2.2",
"triple-beam","1.4.1",
"ts-jest","24.3.0",
"ts-node","10.9.1",
"tslib","1.14.1",
"tslib","2.3.1",
"tslib","2.6.1",
"tslib","2.6.2",
"tslib","2.6.2",
"tslint","6.1.3",
"tsscmp","1.0.6",
"tsutils","2.29.0",
"tsutils","3.21.0",
"tuf-js","1.1.7",
"tunnel-agent","0.6.0",
"tunnel-agent","0.6.0",
"tweetnacl","0.14.5",
"tweetnacl","0.14.5",
"type-check","0.3.2",
"type-detect","4.0.8",
"type-fest","0.21.3",
"type-is","1.6.18",
"type-is","1.6.18",
"typed-assert","1.0.9",
"typedi","0.10.0",
"typescript","4.9.5",
"typescript","5.1.6",
"ua-parser-js","0.7.37",
"unbox-primitive","1.0.1",
"undefsafe","2.0.5",
"undici-types","5.26.5",
"unicode-canonical-property-names-ecmascript","2.0.0",
"unicode-match-property-ecmascript","2.0.0",
"unicode-match-property-value-ecmascript","2.1.0",
"unicode-property-aliases-ecmascript","2.1.0",
"union-value","1.0.1",
"unique-filename","2.0.1",
"unique-filename","3.0.0",
"unique-slug","3.0.0",
"unique-slug","4.0.0",
"universalify","0.1.2",
"universalify","0.2.0",
"universalify","2.0.1",
"unpipe","1.0.0",
"unpipe","1.0.0",
"unset-value","1.0.0",
"untildify","4.0.0",
"update-browserslist-db","1.0.13",
"uri-js","4.4.1",
"uri-js","4.4.1",
"urix","0.1.0",
"url-parse","1.5.10",
"use","3.1.1",
"util-deprecate","1.0.2",
"util-deprecate","1.0.2",
"util.promisify","1.1.1",
"utils-merge","1.0.1",
"utils-merge","1.0.1",
"uuid","3.4.0",
"uuid","8.3.2",
"uuid","8.3.2",
"v8-compile-cache-lib","3.0.1",
"validate-npm-package-license","3.0.4",
"validate-npm-package-license","3.0.4",
"validate-npm-package-name","5.0.0",
"vary","1.1.2",
"vary","1.1.2",
"verror","1.10.0",
"verror","1.10.0",
"vise","3.0.1",
"vite","4.4.7",
"void-elements","2.0.1",
"w3c-hr-time","1.0.2",
"w3c-hr-time","1.0.2",
"w3c-xmlserializer","2.0.0",
"walker","1.0.8",
"watchpack","2.4.0",
"wbuf","1.7.3",
"wcwidth","1.0.1",
"webidl-conversions","4.0.2",
"webidl-conversions","5.0.0",
"webidl-conversions","6.1.0",
"webidl-conversions","7.0.0",
"webpack","5.88.2",
"webpack-dev-middleware","5.3.3",
"webpack-dev-middleware","6.1.1",
"webpack-dev-server","4.15.1",
"webpack-merge","5.9.0",
"webpack-sources","3.2.3",
"webpack-subresource-integrity","5.1.0",
"websocket-driver","0.7.4",
"websocket-extensions","0.1.4",
"whatwg-encoding","1.0.5",
"whatwg-encoding","1.0.5",
"whatwg-mimetype","2.3.0",
"whatwg-mimetype","2.3.0",
"whatwg-url","11.0.0",
"whatwg-url","6.5.0",
"whatwg-url","7.1.0",
"whatwg-url","8.7.0",
"which","1.3.1",
"which","1.3.1",
"which","2.0.2",
"which","3.0.1",
"which-boxed-primitive","1.0.2",
"which-module","2.0.0",
"wide-align","1.1.5",
"wildcard","2.0.1",
"winston","3.10.0",
"winston-transport","4.5.0",
"with-callback","1.0.2",
"word-wrap","1.2.5",
"workerpool","6.2.1",
"wrap-ansi","5.1.0",
"wrap-ansi","6.2.0",
"wrap-ansi","7.0.0",
"wrap-ansi","7.0.0",
"wrap-ansi","8.1.0",
"wrappy","1.0.2",
"wrappy","1.0.2",
"wreck","14.1.3",
"write","1.0.3",
"write-file-atomic","2.4.1",
"ws","5.2.3",
"ws","7.5.9",
"ws","8.11.0",
"ws","8.14.2",
"xml-name-validator","3.0.0",
"xml-name-validator","3.0.0",
"xmlchars","2.2.0",
"xregexp","2.0.0",
"y18n","4.0.3",
"y18n","5.0.8",
"y18n","5.0.8",
"yallist","2.1.2",
"yallist","3.1.1",
"yallist","3.1.1",
"yallist","4.0.0",
"yallist","4.0.0",
"yargs","13.3.2",
"yargs","16.2.0",
"yargs","16.2.0",
"yargs","17.7.2",
"yargs-parser","10.1.0",
"yargs-parser","13.1.2",
"yargs-parser","20.2.4",
"yargs-parser","20.2.9",
"yargs-parser","21.1.1",
"yargs-unparser","2.0.0",
"yauzl","2.10.0",
"yn","3.1.1",
"yocto-queue","0.1.0",
"yocto-queue","1.0.0",
"zone.js","0.13.3",
